Source System Name,Source System Acronym,Table Name,Table Description
Exploration Data System,EDS,SeismicSurveyData_2024,"Contains records of seismic surveys conducted in 2024 including coordinates, depth, and reflection strength."
Exploration Data System,EDS,WellLogAnalysis_2023,"Logs from wells including geological strata encountered, porosity, and permeability measurements."
Exploration Data System,EDS,ExplorationDrillingResults,"Records of outcomes from exploratory drilling including hit/miss, depth, and initial flow rates."
Exploration Data System,EDS,GeophysicalStudiesArchive,A compilation of geophysical research studies relevant to exploration areas including magnetic and gravity surveys.
Exploration Data System,EDS,ProspectEvaluationReports,Evaluation reports of potential drilling sites including risk assessments and expected reserves.
Exploration Data System,EDS,EnvironmentalImpactPreAssessments,Preliminary assessments of environmental impacts for potential exploration sites.
Exploration Data System,EDS,ExploratoryLicenseRegistry,Database of licenses held for exploration including expiration dates and conditions.
Exploration Data System,EDS,DrillingCampaignPerformance,"Performance data for different drilling campaigns including costs, timelines, and outcomes."
Exploration Data System,EDS,HydrocarbonPotentialZones,"Identified zones with potential hydrocarbon presence, categorized by confidence level."
Exploration Data System,EDS,FieldDevelopmentPlans,Plans for developing new fields post-discovery including projected investment and timelines.
Exploration Data System,EDS,GeospatialResourceMapping,"Maps of resources based on exploration data including oil, gas, and other minerals."
Exploration Data System,EDS,ExploratoryCostAnalysis,Analysis of exploration costs by region and project including comparisons and benchmarks.
Exploration Data System,EDS,ResourceEstimationModels,Models estimating the volume of resources based on exploration data.
Exploration Data System,EDS,SeismicAcquisitionData,Data from seismic acquisition operations including raw and processed seismic traces.
Exploration Data System,EDS,ExploratoryWellProfiles,Detailed profiles of exploratory wells including construction details and initial testing results.
Exploration Data System,EDS,GeologicalSampleCatalog,Catalog of geological samples collected during exploration including core samples and cuttings.
Exploration Data System,EDS,TechnologyUtilizationReports,Reports on the technology used in exploration processes and their effectiveness.
Exploration Data System,EDS,ExplorationProjectMilestones,Milestone tracking for exploration projects including key dates and status updates.
Exploration Data System,EDS,RegulatoryComplianceLogs_EandP,Logs of regulatory compliance efforts for exploration and production activities.
Exploration Data System,EDS,ExplorationDataAnalytics,Analytical insights derived from exploration data including trend analysis and predictions.
Drilling Operations Database,DOD,DrillingSchedule2024,Schedule of drilling operations planned for 2024 including locations and expected depths.
Drilling Operations Database,DOD,WellConstructionDetails,Detailed records of well construction including casing and cementing information.
Drilling Operations Database,DOD,DrillingFluidsAnalysis,Analysis of drilling fluids used including composition and performance metrics.
Drilling Operations Database,DOD,BitPerformanceRecords,Performance records for different drill bits including wear rates and efficiency.
Drilling Operations Database,DOD,RigEquipmentMaintenanceLogs,Maintenance logs for drilling rigs including downtime and repairs.
Drilling Operations Database,DOD,SafetyIncidentReports_Drilling,Safety incident reports specific to drilling operations including near-misses and accidents.
Drilling Operations Database,DOD,DrillingCostManagement,Detailed cost management records for drilling operations including budget vs. actual expenses.
Drilling Operations Database,DOD,DailyDrillingLogs,"Daily logs of drilling activities including depth, time, and operational notes."
Drilling Operations Database,DOD,ProductionTestResults,Initial production test results from wells after drilling including flow rates.
Drilling Operations Database,DOD,WellCompletionRecords,Records of well completion processes including perforation and stimulation methods.
Drilling Operations Database,DOD,BoreholeStabilityStudies,Studies on borehole stability for various wells including pressure and stress analysis.
Drilling Operations Database,DOD,OperationalRiskAssessments_Drilling,Risk assessments for drilling operations focusing on operational and environmental risks.
Drilling Operations Database,DOD,DrillingEfficiencyMetrics,Metrics evaluating the efficiency of drilling operations including rate of penetration.
Drilling Operations Database,DOD,SupplyChainLogistics_Drilling,Logistics records for the supply chain related to drilling operations.
Drilling Operations Database,DOD,DrillingPermitCompliance,Records of compliance with drilling permits including conditions and reporting.
Drilling Operations Database,DOD,WellBoreTrajectoryData,Data on the trajectory of wellbores including deviations and directional drilling details.
Drilling Operations Database,DOD,DrillingOperationalReviews,"Reviews of drilling operations including successes, challenges, and lessons learned."
Drilling Operations Database,DOD,CrewPerformanceEvaluations,Evaluations of crew performance on drilling rigs including safety and efficiency.
Drilling Operations Database,DOD,DrillingTechnologyInnovations,Records of new technologies applied in drilling operations and their impact.
Drilling Operations Database,DOD,EnvironmentalMonitoringReports_Drilling,Environmental monitoring reports specific to drilling sites including water and air quality.
Refining Process Information System,RPIS,CrudeAssayAnalysis,Detailed analysis of crude oil properties to guide refining processes.
Refining Process Information System,RPIS,RefineryUnitOperations,Operational data from individual refining units including throughput and efficiency.
Refining Process Information System,RPIS,ProductSpecificationCompliance,Records of product quality tests to ensure compliance with specifications.
Refining Process Information System,RPIS,EnergyConsumptionData,Data on energy consumption by each refining unit used for optimization.
Refining Process Information System,RPIS,MaintenanceScheduleRefiningUnits,Planned maintenance activities for refining equipment to ensure operational integrity.
Refining Process Information System,RPIS,EmissionMonitoringReports,Continuous emission monitoring data to comply with environmental regulations.
Refining Process Information System,RPIS,CatalystLifeCycleManagement,Tracking the usage and performance of catalysts within the refining process.
Refining Process Information System,RPIS,RefiningMarginsAnalysis,Analysis of refining margins by product and unit to inform economic decisions.
Refining Process Information System,RPIS,SafetyIncidentDatabase_RPIS,Records of safety incidents within the refinery including root cause analysis.
Refining Process Information System,RPIS,WasteWaterTreatmentLogs,Logs of wastewater treatment operations including effluent quality.
Refining Process Information System,RPIS,CrudeInputAnalysis_2024,Records of crude oil characteristics and initial analysis results for 2024 operations.
Refining Process Information System,RPIS,RefineryProductionSchedules,Detailed schedules of refinery operations including planned outputs by product type.
Refining Process Information System,RPIS,EmissionControlReports,Reports on emissions from refining processes including compliance with environmental standards.
Refining Process Information System,RPIS,CatalystPerformanceData,Data on the performance of various catalysts used in refining processes.
Refining Process Information System,RPIS,MaintenanceLogs_RefiningUnits,Maintenance records for refining units detailing downtimes and repairs.
Refining Process Information System,RPIS,ProductYieldAnalysis,Analysis of product yields from refining processes including trends and optimizations.
Refining Process Information System,RPIS,EnergyConsumptionRecords,Records of energy consumption in refining processes aimed at identifying efficiency improvements.
Refining Process Information System,RPIS,QualityControlChecks_Fuels,Quality control check records for fuels produced including compliance with specifications.
Refining Process Information System,RPIS,WasteManagementLogs,Logs of waste generated from refining processes and the management strategies employed.
Refining Process Information System,RPIS,RefiningCostAnalysis,Detailed analysis of refining costs including operational and capital expenditures.
Refining Process Information System,RPIS,SafetyIncidentLogs_Refining,Logs of safety incidents within refining operations including corrective actions taken.
Refining Process Information System,RPIS,RefineryOutputForecasting,Forecasting models for refinery outputs based on crude input and operational parameters.
Refining Process Information System,RPIS,ProcessOptimizationStudies,Studies aimed at optimizing refining processes for efficiency and product quality.
Refining Process Information System,RPIS,EnvironmentalImpactAssessments_Refinery,Assessments of the environmental impact of refining operations and mitigation measures.
Refining Process Information System,RPIS,RegulatoryComplianceTracking_Refining,Tracking of regulatory compliance in refining operations including permits and audits.
Refining Process Information System,RPIS,TechnologyUpgradePlans,Plans for technology upgrades within the refinery to improve efficiency and output.
Refining Process Information System,RPIS,ContractorPerformanceReviews,Reviews of contractor performance in refining operations focusing on safety and efficiency.
Refining Process Information System,RPIS,SupplyChainManagement_Refining,Management of the supply chain for refining operations including raw materials and outputs.
Refining Process Information System,RPIS,RefinerySafetyPrograms,Details of safety programs implemented in the refinery to protect workers and operations.
Refining Process Information System,RPIS,OperationalExcellenceMetrics_Refining,Metrics used to measure operational excellence in refining including reliability and quality.
Safety Incident Tracking System,SITS,IncidentReports_2024,Compilation of all safety incidents reported in 2024 including injuries and operational mishaps.
Safety Incident Tracking System,SITS,NearMissLog,Log of near-miss incidents providing insights into potential risks and preventive measures.
Safety Incident Tracking System,SITS,SafetyAuditFindings,Findings from safety audits including recommendations for improvements and compliance issues.
Safety Incident Tracking System,SITS,HazardIdentificationRecords,Records of identified hazards in operations including risk assessments and control measures.
Safety Incident Tracking System,SITS,TrainingComplianceReports,Reports on compliance with mandatory safety training for employees including gaps.
Safety Incident Tracking System,SITS,PersonalProtectiveEquipmentUsage,Data on the issuance and usage of personal protective equipment by employees.
Safety Incident Tracking System,SITS,SafetyPerformanceIndicators,Key performance indicators related to safety including incident rates and response times.
Safety Incident Tracking System,SITS,EmergencyResponseDrillsLogs,Logs of emergency response drills conducted including effectiveness and areas for improvement.
Safety Incident Tracking System,SITS,RegulatoryInspectionResponses,Responses to findings from regulatory inspections including corrective actions taken.
Safety Incident Tracking System,SITS,EnvironmentalIncidentReports,Reports of incidents with environmental impact including spills and emissions violations.
Safety Incident Tracking System,SITS,SafetyMeetingMinutes,"Minutes from safety meetings highlighting discussions, decisions, and action items."
Safety Incident Tracking System,SITS,OperationalRiskManagementAssessments,Assessments of operational risks with implications for safety including mitigation strategies.
Safety Incident Tracking System,SITS,ContractorSafetyEvaluations,Evaluations of contractors' adherence to safety standards and practices.
Safety Incident Tracking System,SITS,SafetyInnovationIdeas,Collection of ideas and suggestions for improving safety submitted by employees.
Safety Incident Tracking System,SITS,FirstAidIncidentLog,Log of first aid incidents providing insights into common injuries and preventive measures.
Safety Incident Tracking System,SITS,HealthSurveillanceReports,Reports on health surveillance of employees including trends in occupational illnesses.
Safety Incident Tracking System,SITS,SafetyCultureSurveys,Results of surveys conducted to assess the safety culture within the organization.
Safety Incident Tracking System,SITS,IncidentInvestigationReports,Detailed reports of investigations into safety incidents including root cause analysis.
Safety Incident Tracking System,SITS,ComplianceAuditSchedule,Schedule of upcoming compliance audits related to safety including scope and teams involved.
Safety Incident Tracking System,SITS,WorkplaceInspectionChecklists,Checklists used for routine workplace inspections to identify and correct safety hazards.
Production Optimization System,POS,ProductionEfficiencyMetrics_2024,Metrics and analytics for assessing production efficiency across all operational sites for the year 2024.
Production Optimization System,POS,WellPerformanceAnalysis,Comparative analysis of well performances including output rates and operational efficiency.
Production Optimization System,POS,FieldOptimizationProjects,Database of ongoing and completed projects aimed at optimizing field operations.
Production Optimization System,POS,ProductionForecastingModels,Predictive models for production forecasting incorporating historical data and predictive analytics.
Production Optimization System,POS,EnhancedRecoveryTechniques,Database of enhanced oil recovery (EOR) techniques and their applicability across fields.
Production Optimization System,POS,ProductionEquipmentAnalytics,"Analytics on production equipment performance including uptime, maintenance schedules, and efficiency."
Production Optimization System,POS,OperationalCostReductionInitiatives,Initiatives and strategies for reducing operational costs in production.
Production Optimization System,POS,ReservoirManagementStudies,Studies and reports on reservoir management practices and outcomes.
Production Optimization System,POS,ProductionDataVisualizationTools,Tools and dashboards for visualizing production data across multiple dimensions.
Production Optimization System,POS,EnergyUseOptimizationReports,Reports on the optimization of energy use within production operations.
Environmental Impact Monitoring System,EIMS,EmissionTrackingBySite,"Records of emissions by site, tracking carbon, methane, and other greenhouse gases."
Environmental Impact Monitoring System,EIMS,WaterUsageAndQualityReports,"Reports on water usage and quality, including wastewater treatment and recycling practices."
Environmental Impact Monitoring System,EIMS,BiodiversityImpactAssessments,Assessments of operational impacts on biodiversity in and around operational areas.
Environmental Impact Monitoring System,EIMS,EnvironmentalIncidentLog,"Log of environmental incidents including spills, with response actions and outcomes."
Environmental Impact Monitoring System,EIMS,SustainabilityMetricsDashboard,"Dashboard of key sustainability metrics including energy intensity, water intensity, and waste management."
Environmental Impact Monitoring System,EIMS,RegulatoryComplianceReports_EIMS,Reports detailing compliance with environmental regulations and standards.
Environmental Impact Monitoring System,EIMS,RenewableEnergyUtilizationStats,Statistics on the utilization of renewable energy sources within operations.
Environmental Impact Monitoring System,EIMS,EcoEfficiencyImprovementPrograms,Programs and initiatives aimed at improving eco-efficiency across operations.
Environmental Impact Monitoring System,EIMS,CarbonFootprintAnalysis,"Detailed analysis of the carbon footprint of operations, including reduction targets."
Environmental Impact Monitoring System,EIMS,HabitatRestorationProjects,Records of habitat restoration projects and their outcomes on local ecosystems.
Logistics Optimization Software,LOS,SupplyChainOptimizationModels,Models for optimizing the supply chain from procurement to distribution.
Logistics Optimization Software,LOS,InventoryManagementAnalytics,"Analytics on inventory levels, turnover rates, and optimization strategies."
Logistics Optimization Software,LOS,TransportationEfficiencyReports,"Reports on the efficiency of transportation modes, routes, and fuel consumption."
Logistics Optimization Software,LOS,WarehouseOperationMetrics,Metrics on warehouse operations including space utilization and automation levels.
Logistics Optimization Software,LOS,VendorPerformanceScores,"Scores and evaluations of vendor performance in terms of delivery times, quality, and reliability."
Logistics Optimization Software,LOS,DistributionNetworkAnalysis,"Analysis of the distribution network, identifying bottlenecks and improvement opportunities."
Logistics Optimization Software,LOS,CostReductionInitiatives_Logistics,"Initiatives aimed at reducing logistics costs, including negotiations and process improvements."
Logistics Optimization Software,LOS,FleetManagementData,Data on fleet management including vehicle maintenance tracking and utilization.
Logistics Optimization Software,LOS,LogisticsRiskAssessmentReports,Assessment reports on risks within the logistics and supply chain operations.
Logistics Optimization Software,LOS,CustomerDeliveryExperienceSurveys,"Surveys and feedback on customer delivery experience, used to drive improvements."
Chemical Analysis Results Database,CARD,RawMaterialQualityRecords,Quality analysis of raw materials used in chemical production processes.
Chemical Analysis Results Database,CARD,FinalProductQualityTests,Test results for final chemical products to ensure they meet required specifications.
Chemical Analysis Results Database,CARD,ProcessChemicalUsage,Records of chemicals used in production processes including quantities and batches.
Chemical Analysis Results Database,CARD,EnvironmentalSampleAnalysis,Results of environmental sampling for monitoring air and water quality.
Chemical Analysis Results Database,CARD,CatalystPerformanceData_CARD,Performance data of catalysts used in chemical reactions and processes.
Product Quality Assurance System,PQAS,QualityControlChecklists,Checklists and results from quality control inspections for products.
Product Quality Assurance System,PQAS,CustomerFeedbackAnalysis,Analysis of customer feedback related to product quality and satisfaction.
Product Quality Assurance System,PQAS,BatchQualityRecords,Quality records for each production batch including any deviations or non-conformances.
Product Quality Assurance System,PQAS,ProductRecallLog,"Log of product recalls including batch numbers, reasons, and corrective actions taken."
Product Quality Assurance System,PQAS,SupplierQualityAssessmentReports,Assessments of suppliers' quality management systems and material quality.
Market Analysis Portal,MAP,MarketTrendsReports,Analysis reports on market trends including demand forecasts and competitor analysis.
Market Analysis Portal,MAP,CustomerSegmentationData,Data on customer segmentation used for targeted marketing and sales strategies.
Market Analysis Portal,MAP,PricingStrategyModels,Models and analysis of pricing strategies based on market data and cost structures.
Market Analysis Portal,MAP,SalesPerformanceDashboard,Interactive dashboard showing sales performance across different markets and products.
Market Analysis Portal,MAP,BrandPerceptionSurveys,Results of surveys assessing brand perception and customer satisfaction.
Customer Relationship Management System,CRMS,CustomerContactInformation,Database of customer contact details including history of interactions.
Customer Relationship Management System,CRMS,SalesOpportunityTracking,"Tracking of sales opportunities including stages, potential value, and next steps."
Customer Relationship Management System,CRMS,ServiceRequestLogs,Logs of customer service requests including resolution times and satisfaction ratings.
Customer Relationship Management System,CRMS,MarketingCampaignResults,Results and analytics from marketing campaigns including ROI and engagement metrics.
Customer Relationship Management System,CRMS,LoyaltyProgramData,Data on customer participation in loyalty programs including rewards and redemption rates.
Renewable Energy Project Database,REPD,SolarArrayPerformanceMetrics,Performance metrics for solar arrays including energy output and efficiency over time.
Renewable Energy Project Database,REPD,WindFarmOperationalData,Data from wind farm operations including turbine performance and maintenance records.
Renewable Energy Project Database,REPD,BiofuelProductionStatistics,"Statistics on biofuel production volumes, types, and energy content."
Renewable Energy Project Database,REPD,GeothermalEnergyOutputLogs,Logs of energy output from geothermal plants including temperature and flow rates.
Renewable Energy Project Database,REPD,RenewableEnergyCertificates,"Details of renewable energy certificates issued, traded, and retired."
Renewable Energy Project Database,REPD,HydroelectricPlantEfficiency,Efficiency records for hydroelectric plants including water flow and energy conversion rates.
Renewable Energy Project Database,REPD,RenewableProjectInvestmentReturns,Data on investment returns from various renewable energy projects.
Renewable Energy Project Database,REPD,SustainabilityImpactReports_REPD,Reports on the sustainability impact of renewable energy projects.
Renewable Energy Project Database,REPD,EnergyStorageSystemMetrics,Metrics on energy storage systems associated with renewable energy projects.
Renewable Energy Project Database,REPD,RenewableTechInnovationProposals,Proposals for new renewable energy technologies and their potential impact.
Renewable Energy Project Database,REPD,RenewableEnergyRegulatoryCompliance,Compliance records for renewable energy projects with local and international regulations.
Renewable Energy Project Database,REPD,CommunityImpactAssessments_REPD,Assessments of the impact of renewable energy projects on local communities.
Renewable Energy Project Database,REPD,PowerPurchaseAgreements,Details of power purchase agreements for renewable energy sales.
Renewable Energy Project Database,REPD,RenewableResourceMapping,Geospatial mapping of renewable resources for potential project sites.
Renewable Energy Project Database,REPD,ProjectDevelopmentTimelines_REPD,Timelines for the development of renewable energy projects.
Renewable Energy Project Database,REPD,RenewableEnergyMarketAnalysis,Analysis of market trends and growth in the renewable energy sector.
Renewable Energy Project Database,REPD,Eco-InnovationGrantsDatabase,Database of grants awarded for eco-innovation in renewable energy projects.
Renewable Energy Project Database,REPD,CarbonOffsetProjectDetails,Details of projects designed to offset carbon emissions through renewable energy.
Renewable Energy Project Database,REPD,RenewableIntegrationChallengesLog,Log of challenges faced during the integration of renewable energy into existing grids.
Renewable Energy Project Database,REPD,EnergyPolicyImpactStudies_REPD,Studies on the impact of energy policies on renewable energy project development.
Regulatory Compliance Archive,RCA,ComplianceAuditReports,Detailed reports from compliance audits including findings and remediation actions.
Regulatory Compliance Archive,RCA,RegulationChangeLog,Log of changes in regulations that impact company operations with corresponding action items.
Regulatory Compliance Archive,RCA,LicenseRenewalStatus,Current status of all necessary operational licenses and their renewal dates.
Regulatory Compliance Archive,RCA,EnvironmentalPermitRecords,Records of environmental permits held including terms and compliance status.
Regulatory Compliance Archive,RCA,RegulatoryCorrespondenceFiles,Files of correspondence with regulatory bodies including submissions and responses.
Regulatory Compliance Archive,RCA,ComplianceTrainingRecords,Records of compliance training sessions attended by employees.
Regulatory Compliance Archive,RCA,LegalComplianceChecklists,Checklists used for ensuring legal compliance across various operations.
Regulatory Compliance Archive,RCA,RegulatoryFineLog,Log of fines levied by regulatory agencies and the status of their resolution.
Regulatory Compliance Archive,RCA,PolicyAdherenceScores,Scores representing adherence to internal policies and external regulations.
Regulatory Compliance Archive,RCA,StakeholderEngagementRecords,Records of engagement with stakeholders on compliance issues.
Regulatory Compliance Archive,RCA,EmissionsReportingData,Data submitted in regulatory emissions reporting.
Regulatory Compliance Archive,RCA,ComplianceIssueTracking,Tracking of compliance issues from identification through to resolution.
Regulatory Compliance Archive,RCA,RegulatoryReviewMinutes,Minutes from meetings where regulatory reviews are discussed.
Regulatory Compliance Archive,RCA,ComplianceRiskAssessments,Assessments of risks related to non-compliance with regulations.
Regulatory Compliance Archive,RCA,AuditTrailComplianceActions,A log of all actions taken as a result of compliance audits.
Regulatory Compliance Archive,RCA,EthicsViolationReports,Reports of any ethics violations and the outcomes of investigations.
Regulatory Compliance Archive,RCA,ComplianceProjectManagement,Details of projects undertaken to improve compliance.
Regulatory Compliance Archive,RCA,RegulatoryExaminationPrepDocs,Documents prepared for upcoming regulatory examinations.
Regulatory Compliance Archive,RCA,ComplianceBenchmarkingMetrics,Metrics used to benchmark compliance against industry standards.
Regulatory Compliance Archive,RCA,TradeComplianceRecords,Records of trade compliance including import/export documentation
Human Resources Information System,HRIS,EmployeeProfileMaster,"Comprehensive records of all employees including personal information, job roles, and employment history."
Human Resources Information System,HRIS,RecruitmentPipelineAnalysis,Data on the recruitment pipeline tracking candidate progress from application to hire.
Human Resources Information System,HRIS,TrainingProgramsDatabase,"Details of employee training programs, participation records, and effectiveness ratings."
Human Resources Information System,HRIS,PerformanceReviewScores,Annual performance review scores and feedback for all employees.
Human Resources Information System,HRIS,CompensationBenchmarking,Comparative data on compensation packages across the industry for benchmarking purposes.
Human Resources Information System,HRIS,BenefitsEnrollmentStatus,Enrollment status for various employee benefits including health insurance and retirement plans.
Human Resources Information System,HRIS,DiversityMetricsReport,"Reports on workforce diversity including gender, ethnicity, and age demographics."
Human Resources Information System,HRIS,SuccessionPlanningRecords,Data on succession planning for key roles within the organization.
Human Resources Information System,HRIS,EmployeeSatisfactionSurveys,Results and analysis from employee satisfaction surveys.
Human Resources Information System,HRIS,LaborComplianceAuditTrail,Audit trail of compliance with labor laws and regulations.
Corporate Social Responsibility Tracker,CSRT,SustainabilityInitiativeProgress,Tracking of progress on sustainability initiatives and goals.
Corporate Social Responsibility Tracker,CSRT,CommunityEngagementProjects,Records of community engagement projects and their impact assessments.
Corporate Social Responsibility Tracker,CSRT,CarbonEmissionReductionLog,Detailed log of carbon emission reduction efforts and results.
Corporate Social Responsibility Tracker,CSRT,CorporatePhilanthropyContributions,Records of philanthropic contributions and their allocation.
Corporate Social Responsibility Tracker,CSRT,EthicalSupplyChainAssessments,Assessment reports on the ethical standards of supply chain partners.
Corporate Social Responsibility Tracker,CSRT,RenewableEnergyUsageStats,Statistics on the company's use of renewable energy sources.
Corporate Social Responsibility Tracker,CSRT,VolunteerProgramParticipation,Data on employee participation in corporate-sponsored volunteer programs.
Corporate Social Responsibility Tracker,CSRT,DiversityAdvancementInitiatives,Initiatives aimed at advancing diversity within the company and their outcomes.
Corporate Social Responsibility Tracker,CSRT,EnvironmentalImpactStudies_CSRT,Studies conducted on the environmental impact of company operations.
Corporate Social Responsibility Tracker,CSRT,CSRPolicyCompliance,Compliance status with internally set CSR policies and standards.
Financial Reporting System,FRS,QuarterlyEarningsReports,Quarterly earnings reports detailing financial performance.
Financial Reporting System,FRS,BudgetVarianceAnalysis,Analysis of variances between budgeted and actual financial performance.
Financial Reporting System,FRS,InvestmentPortfolioSnapshot,Snapshot of the company's investment portfolio and its performance.
Financial Reporting System,FRS,CostReductionInitiativeResults,Financial outcomes of cost reduction initiatives.
Financial Reporting System,FRS,TaxFilingStatus,Status and details of tax filings including liabilities and refunds.
Financial Reporting System,FRS,CapitalExpenditureTracking,Tracking of capital expenditures and their alignment with strategic objectives.
Financial Reporting System,FRS,DebtManagementDashboard,Dashboard summarizing the status and structure of company debt.
Financial Reporting System,FRS,RevenueStreamAnalysis,Breakdown and analysis of revenue streams by business unit and product line.
Financial Reporting System,FRS,AuditFindingsRepository,Repository of findings from internal and external financial audits.
Financial Reporting System,FRS,FinancialRegulatoryCompliance,Records of compliance with financial regulations and reporting standards.
Investment and Asset Management System,IAMS,AssetDepreciationSchedules,"Schedules showing depreciation of company assets over time, useful for financial planning and reporting."
Investment and Asset Management System,IAMS,InvestmentReturnAnalysis,Analysis of returns on the company's investments to guide future investment strategies and evaluate performance.
Investment and Asset Management System,IAMS,RealEstatePortfolioManagement,"Management records for the company's real estate assets, including acquisition, maintenance, and disposition data."
Investment and Asset Management System,IAMS,CapitalBudgetingModels,"Models used for capital budgeting decisions, outlining justifications for investment choices and expected returns."
Investment and Asset Management System,IAMS,RiskAdjustedReturnMetrics,"Metrics that adjust investment returns for risk, helping to balance the investment portfolio against potential losses."
Investment and Asset Management System,IAMS,AssetMaintenanceLogs,"Logs of maintenance activities on company assets, ensuring their value and functionality are preserved over time."
Investment and Asset Management System,IAMS,InvestmentOpportunityPipeline,"Data on potential investment opportunities and their evaluation status, guiding strategic investment decisions."
Investment and Asset Management System,IAMS,StrategicDivestiturePlans,"Plans for strategic divestitures, including timelines and expected outcomes, as part of asset management strategies."
Investment and Asset Management System,IAMS,EquityHoldingsDetails,"Details of the company's equity holdings and their performance, for portfolio management and strategic planning."
Investment and Asset Management System,IAMS,FundingAllocationStrategy,Strategic plans for the allocation of funding across various investment opportunities to maximize returns.